2012,Adel,3879.0,16.0,1.0,0.0,0.0,15.0,84.0,38.0,44.0,2.0,0.0
2012,Albia,3820.0,12.0,0.0,0.0,0.0,12.0,78.0,21.0,55.0,2.0,0.0
2012,Algona,5529.0,10.0,0.0,1.0,0.0,9.0,50.0,15.0,34.0,1.0,0.0
2012,Altoona,14830.0,24.0,0.0,1.0,4.0,19.0,533.0,74.0,438.0,21.0,3.0
2012,Ames,59271.0,78.0,0.0,32.0,7.0,39.0,1454.0,291.0,1132.0,31.0,5.0
2012,Anamosa,5547.0,3.0,0.0,0.0,0.0,3.0,86.0,27.0,57.0,2.0,0.0
2012,Ankeny,46482.0,34.0,0.0,8.0,7.0,19.0,644.0,142.0,483.0,19.0,2.0
2012,Atlantic,7068.0,12.0,0.0,1.0,0.0,11.0,128.0,55.0,68.0,5.0,2.0
2012,Audubon,2155.0,4.0,0.0,0.0,0.0,4.0,22.0,7.0,14.0,1.0,0.0
2012,Bettendorf,33729.0,91.0,0.0,8.0,5.0,78.0,497.0,78.0,405.0,14.0,1.0
2012,Bloomfield,2658.0,0.0,0.0,0.0,0.0,0.0,6.0,1.0,4.0,1.0,0.0
2012,Blue Grass,1476.0,0.0,0.0,0.0,0.0,0.0,2.0,1.0,1.0,0.0,0.0
2012,Boone,12684.0,67.0,0.0,12.0,1.0,54.0,326.0,110.0,213.0,3.0,3.0
2012,Buffalo,1289.0,4.0,0.0,0.0,0.0,4.0,6.0,1.0,5.0,0.0,0.0
2012,Burlington,25663.0,174.0,1.0,4.0,18.0,151.0,1037.0,253.0,737.0,47.0,14.0
2012,Camanche,4457.0,14.0,0.0,0.0,0.0,14.0,63.0,14.0,44.0,5.0,0.0
2012,Carlisle,3933.0,3.0,0.0,2.0,0.0,1.0,29.0,11.0,18.0,0.0,0.0
2012,Carroll,10165.0,8.0,0.0,1.0,1.0,6.0,130.0,24.0,99.0,7.0,0.0
2012,Carter Lake,3816.0,23.0,0.0,4.0,1.0,18.0,185.0,49.0,105.0,31.0,3.0
2012,Cedar Falls,39540.0,47.0,0.0,15.0,4.0,28.0,647.0,104.0,520.0,23.0,1.0
2012,Cedar Rapids,128401.0,356.0,3.0,43.0,97.0,213.0,4723.0,966.0,3503.0,254.0,30.0
2012,Centerville,5513.0,29.0,0.0,4.0,0.0,25.0,244.0,82.0,153.0,9.0,5.0
2012,Chariton,4312.0,26.0,0.0,1.0,1.0,24.0,144.0,31.0,99.0,14.0,1.0
2012,Charles City,7573.0,26.0,0.0,4.0,0.0,22.0,154.0,30.0,117.0,7.0,2.0
2012,Cherokee,5272.0,18.0,0.0,2.0,0.0,16.0,59.0,20.0,36.0,3.0,1.0
2012,Clarinda,5610.0,11.0,0.0,1.0,0.0,10.0,162.0,48.0,101.0,13.0,1.0
2012,Clarion,2826.0,6.0,0.0,3.0,0.0,3.0,23.0,2.0,21.0,0.0,0.0
2012,Clinton,26934.0,171.0,0.0,14.0,20.0,137.0,1211.0,276.0,879.0,56.0,4.0
2012,Clive,15920.0,27.0,0.0,5.0,1.0,21.0,341.0,49.0,276.0,16.0,6.0
2012,Coralville,19294.0,32.0,1.0,4.0,10.0,17.0,533.0,76.0,446.0,11.0,3.0
2012,Council Bluffs,62708.0,744.0,1.0,67.0,81.0,595.0,4290.0,970.0,2847.0,473.0,43.0
2012,Cresco,3883.0,0.0,0.0,0.0,0.0,0.0,36.0,9.0,25.0,2.0,0.0
2012,Davenport,101193.0,604.0,4.0,40.0,151.0,409.0,4088.0,890.0,2912.0,286.0,17.0
2012,Decorah,8149.0,6.0,0.0,3.0,0.0,3.0,82.0,3.0,78.0,1.0,0.0
2012,Denison,8416.0,7.0,0.0,0.0,0.0,7.0,46.0,8.0,35.0,3.0,0.0
2012,Des Moines,207400.0,1094.0,7.0,100.0,250.0,737.0,10210.0,2514.0,6914.0,782.0,51.0
2012,De Witt,5331.0,14.0,0.0,2.0,0.0,12.0,61.0,13.0,45.0,3.0,4.0
2012,Dubuque,58460.0,128.0,2.0,20.0,22.0,84.0,0.0,0.0,1160.0,46.0,32.0
2012,Eagle Grove,3553.0,11.0,0.0,0.0,0.0,11.0,28.0,11.0,16.0,1.0,1.0
2012,Eldora,2726.0,5.0,0.0,1.0,0.0,4.0,43.0,7.0,33.0,3.0,0.0
2012,Eldridge,5739.0,8.0,0.0,0.0,0.0,8.0,46.0,13.0,32.0,1.0,1.0
2012,Emmetsburg,3918.0,7.0,0.0,0.0,0.0,7.0,16.0,10.0,4.0,2.0,1.0
2012,Estherville,6263.0,16.0,0.0,2.0,1.0,13.0,111.0,42.0,68.0,1.0,0.0
2012,Evansdale,4787.0,17.0,0.0,3.0,2.0,12.0,102.0,32.0,65.0,5.0,1.0
2012,Forest City,4141.0,8.0,0.0,1.0,1.0,6.0,47.0,12.0,34.0,1.0,1.0
2012,Fort Dodge,25078.0,134.0,0.0,23.0,18.0,93.0,1167.0,207.0,902.0,58.0,10.0
2012,Fort Madison,11023.0,60.0,0.0,7.0,2.0,51.0,272.0,98.0,165.0,9.0,3.0
2012,Glenwood,5268.0,23.0,0.0,2.0,1.0,20.0,119.0,43.0,72.0,4.0,0.0
2012,Grinnell,9205.0,26.0,0.0,3.0,1.0,22.0,163.0,42.0,109.0,12.0,6.0
2012,Grundy Center,2717.0,1.0,0.0,0.0,0.0,1.0,9.0,1.0,7.0,1.0,0.0
2012,Hampton,4499.0,6.0,0.0,1.0,0.0,5.0,22.0,9.0,11.0,2.0,0.0
2012,Hawarden,2572.0,2.0,0.0,0.0,0.0,2.0,19.0,3.0,16.0,0.0,0.0
2012,Hiawatha,7141.0,3.0,0.0,0.0,0.0,3.0,77.0,30.0,46.0,1.0,0.0
2012,Humboldt,4701.0,2.0,0.0,0.0,1.0,1.0,32.0,3.0,26.0,3.0,0.0
2012,Iowa City,69214.0,185.0,1.0,29.0,31.0,124.0,1842.0,387.0,1394.0,61.0,3.0
2012,Iowa Falls,5227.0,6.0,0.0,1.0,1.0,4.0,151.0,13.0,137.0,1.0,0.0
2012,Jefferson,4340.0,2.0,0.0,0.0,0.0,2.0,27.0,4.0,21.0,2.0,0.0
2012,Johnston,17620.0,18.0,0.0,3.0,0.0,15.0,208.0,34.0,166.0,8.0,0.0
2012,Keokuk,10748.0,111.0,0.0,2.0,3.0,106.0,599.0,114.0,432.0,53.0,11.0
2012,Le Claire,3824.0,8.0,0.0,0.0,0.0,8.0,18.0,2.0,16.0,0.0,1.0
2012,Le Mars,9829.0,6.0,0.0,1.0,0.0,5.0,178.0,41.0,128.0,9.0,3.0
2012,Leon,1942.0,1.0,0.0,0.0,0.0,1.0,2.0,0.0,2.0,0.0,0.0
2012,Lisbon,2187.0,0.0,0.0,0.0,0.0,0.0,28.0,14.0,13.0,1.0,0.0
2012,Manchester,5168.0,19.0,2.0,1.0,1.0,15.0,82.0,14.0,64.0,4.0,0.0
2012,Maquoketa,6148.0,17.0,0.0,8.0,1.0,8.0,187.0,73.0,110.0,4.0,1.0
2012,Marengo,2533.0,4.0,0.0,0.0,0.0,4.0,10.0,2.0,4.0,4.0,0.0
2012,Marion,35349.0,37.0,0.0,11.0,4.0,22.0,633.0,127.0,484.0,22.0,7.0
2012,Marshalltown,27883.0,142.0,1.0,0.0,6.0,135.0,910.0,284.0,593.0,33.0,11.0
2012,Mason City,28052.0,40.0,2.0,6.0,3.0,29.0,1376.0,344.0,979.0,53.0,6.0
2012,Mount Pleasant,8756.0,14.0,0.0,3.0,0.0,11.0,189.0,34.0,153.0,2.0,5.0
2012,Mount Vernon,4567.0,1.0,0.0,0.0,0.0,1.0,76.0,23.0,52.0,1.0,0.0
2012,Muscatine,23013.0,156.0,0.0,27.0,4.0,125.0,808.0,165.0,616.0,27.0,11.0
2012,Nevada,6833.0,32.0,0.0,3.0,0.0,29.0,106.0,29.0,72.0,5.0,1.0
2012,New Hampton,3587.0,2.0,0.0,0.0,0.0,2.0,36.0,13.0,23.0,0.0,0.0
2012,Newton,15189.0,35.0,1.0,0.0,1.0,33.0,524.0,107.0,393.0,24.0,5.0
2012,North Liberty,13661.0,47.0,0.0,1.0,0.0,46.0,87.0,20.0,61.0,6.0,1.0
2012,Norwalk,9079.0,12.0,0.0,1.0,0.0,11.0,103.0,17.0,80.0,6.0,1.0
2012,Ogden,2049.0,8.0,1.0,0.0,0.0,7.0,16.0,4.0,11.0,1.0,0.0
2012,Orange City,6058.0,6.0,0.0,1.0,1.0,4.0,58.0,19.0,39.0,0.0,1.0
2012,Osage,3636.0,4.0,0.0,1.0,0.0,3.0,0.0,0.0,18.0,0.0,1.0
2012,Osceola,4985.0,3.0,0.0,1.0,0.0,2.0,101.0,18.0,78.0,5.0,1.0
2012,Ottumwa,24977.0,70.0,1.0,7.0,17.0,45.0,960.0,263.0,662.0,35.0,17.0
2012,Perry,8114.0,20.0,0.0,1.0,0.0,19.0,126.0,25.0,99.0,2.0,1.0
2012,Pleasant Hill,8960.0,14.0,0.0,0.0,2.0,12.0,161.0,57.0,93.0,11.0,3.0
2012,Polk City,3485.0,0.0,0.0,0.0,0.0,0.0,31.0,6.0,24.0,1.0,0.0
2012,Prairie City,1671.0,0.0,0.0,0.0,0.0,0.0,21.0,11.0,10.0,0.0,0.0
2012,Princeton,898.0,0.0,0.0,0.0,0.0,0.0,1.0,0.0,1.0,0.0,0.0
2012,Red Oak,5710.0,12.0,0.0,3.0,0.0,9.0,166.0,57.0,103.0,6.0,1.0
2012,Sergeant Bluff,4256.0,16.0,0.0,1.0,0.0,15.0,94.0,18.0,75.0,1.0,2.0
2012,Sioux City,83289.0,274.0,2.0,30.0,46.0,196.0,3470.0,621.0,2645.0,204.0,17.0
2012,Spencer,11224.0,2.0,1.0,0.0,0.0,1.0,252.0,94.0,147.0,11.0,0.0
2012,Spirit Lake,4926.0,2.0,0.0,0.0,0.0,2.0,113.0,14.0,98.0,1.0,0.0
2012,State Center,1487.0,1.0,0.0,0.0,0.0,1.0,7.0,4.0,2.0,1.0,0.0
2012,Storm Lake,10715.0,48.0,0.0,2.0,0.0,46.0,250.0,57.0,182.0,11.0,2.0
2012,Story City,3449.0,0.0,0.0,0.0,0.0,0.0,39.0,13.0,24.0,2.0,0.0
2012,Tipton,3215.0,4.0,0.0,0.0,0.0,4.0,33.0,0.0,33.0,0.0,1.0
2012,Toledo,2342.0,22.0,0.0,1.0,0.0,21.0,23.0,1.0,21.0,1.0,0.0
2012,Urbandale,40467.0,57.0,0.0,3.0,2.0,52.0,688.0,107.0,548.0,33.0,7.0
2012,Vinton,5280.0,8.0,0.0,3.0,0.0,5.0,0.0,0.0,50.0,6.0,0.0
2012,Walcott,1654.0,4.0,0.0,1.0,0.0,3.0,12.0,2.0,10.0,0.0,0.0
2012,Washington,7343.0,53.0,0.0,5.0,1.0,47.0,84.0,27.0,54.0,3.0,0.0
2012,Waterloo,68919.0,470.0,4.0,64.0,69.0,333.0,2514.0,828.0,1590.0,96.0,26.0
2012,Waukee,14540.0,9.0,0.0,0.0,0.0,9.0,145.0,33.0,108.0,4.0,1.0
2012,Waverly,9914.0,33.0,0.0,2.0,0.0,31.0,139.0,32.0,103.0,4.0,0.0
2012,Webster City,8031.0,31.0,0.0,0.0,3.0,28.0,195.0,39.0,140.0,16.0,1.0
2012,West Branch,2319.0,0.0,0.0,0.0,0.0,0.0,1.0,0.0,1.0,0.0,0.0
2012,West Burlington,2967.0,11.0,1.0,1.0,2.0,7.0,261.0,27.0,230.0,4.0,0.0
2012,West Des Moines,58134.0,95.0,0.0,16.0,8.0,71.0,1825.0,213.0,1562.0,50.0,6.0
2012,West Union,2507.0,3.0,0.0,0.0,0.0,3.0,33.0,14.0,18.0,1.0,1.0
2012,Wilton,2818.0,6.0,0.0,1.0,0.0,5.0,41.0,14.0,25.0,2.0,0.0
2012,Windsor Heights,4957.0,11.0,0.0,3.0,2.0,6.0,283.0,42.0,239.0,2.0,0.0
2012,Winterset,5242.0,6.0,0.0,1.0,0.0,5.0,0.0,0.0,85.0,5.0,0.0
2013,Adel,3990.0,7.0,0.0,0.0,0.0,7.0,70.0,23.0,45.0,2.0,0.0
2013,Albia,3829.0,8.0,0.0,0.0,0.0,8.0,58.0,8.0,45.0,5.0,1.0
2013,Algona,5495.0,15.0,0.0,1.0,0.0,14.0,60.0,31.0,28.0,1.0,0.0
2013,Altoona,15683.0,19.0,0.0,1.0,4.0,14.0,567.0,47.0,506.0,14.0,1.0
2013,Ames,61193.0,88.0,0.0,34.0,11.0,43.0,1439.0,224.0,1181.0,34.0,10.0
2013,Anamosa,5653.0,2.0,0.0,0.0,0.0,2.0,94.0,15.0,77.0,2.0,0.0
2013,Ankeny,50194.0,43.0,0.0,5.0,4.0,34.0,697.0,118.0,543.0,36.0,4.0
2013,Bettendorf,34548.0,86.0,0.0,8.0,7.0,71.0,495.0,84.0,399.0,12.0,4.0
2013,Bloomfield,2591.0,6.0,0.0,1.0,0.0,5.0,17.0,0.0,11.0,6.0,0.0
2013,Blue Grass,1590.0,0.0,0.0,0.0,0.0,0.0,8.0,1.0,7.0,0.0,0.0
2013,Boone,12515.0,77.0,0.0,11.0,1.0,65.0,264.0,63.0,186.0,15.0,0.0
2013,Buffalo,1299.0,5.0,0.0,0.0,0.0,5.0,9.0,1.0,6.0,2.0,0.0
2013,Camanche,4422.0,5.0,0.0,1.0,0.0,4.0,35.0,7.0,28.0,0.0,0.0
2013,Carlisle,3939.0,5.0,0.0,3.0,0.0,2.0,22.0,12.0,7.0,3.0,1.0
2013,Carroll,9988.0,6.0,0.0,2.0,0.0,4.0,124.0,23.0,90.0,11.0,2.0
2013,Carter Lake,3755.0,19.0,0.0,3.0,0.0,16.0,161.0,40.0,96.0,25.0,1.0
2013,Cedar Falls,40213.0,52.0,0.0,19.0,3.0,30.0,495.0,80.0,391.0,24.0,3.0
2013,Cedar Rapids,128642.0,392.0,4.0,46.0,90.0,252.0,4707.0,977.0,3433.0,297.0,19.0
2013,Centerville,5444.0,28.0,0.0,5.0,2.0,21.0,188.0,68.0,107.0,13.0,7.0
2013,Chariton,4243.0,18.0,0.0,2.0,2.0,14.0,145.0,47.0,93.0,5.0,3.0
2013,Charles City,7471.0,19.0,0.0,4.0,0.0,15.0,131.0,25.0,103.0,3.0,0.0
2013,Cherokee,5149.0,14.0,1.0,1.0,0.0,12.0,79.0,23.0,54.0,2.0,0.0
2013,Clarinda,5455.0,26.0,0.0,1.0,0.0,25.0,189.0,67.0,111.0,11.0,4.0
2013,Clear Lake,7731.0,6.0,0.0,1.0,0.0,5.0,232.0,45.0,179.0,8.0,0.0
2013,Clinton,26572.0,178.0,0.0,21.0,18.0,139.0,1046.0,206.0,795.0,45.0,11.0
2013,Clive,16467.0,28.0,0.0,0.0,3.0,25.0,338.0,43.0,277.0,18.0,0.0
2013,Coralville,19949.0,44.0,0.0,15.0,11.0,18.0,627.0,74.0,542.0,11.0,4.0
2013,Council Bluffs,62021.0,584.0,0.0,75.0,80.0,429.0,4614.0,947.0,3126.0,541.0,28.0
2013,Cresco,3894.0,5.0,0.0,2.0,0.0,3.0,35.0,10.0,25.0,0.0,1.0
2013,Davenport,101834.0,654.0,2.0,88.0,167.0,397.0,4248.0,961.0,3048.0,239.0,30.0
2013,Decorah,8103.0,1.0,0.0,0.0,0.0,1.0,64.0,9.0,52.0,3.0,0.0
2013,Denison,8411.0,4.0,0.0,0.0,2.0,2.0,84.0,16.0,58.0,10.0,1.0
2013,Des Moines,207391.0,1026.0,11.0,90.0,211.0,714.0,10015.0,2311.0,6854.0,850.0,33.0
2013,De Witt,5273.0,8.0,0.0,0.0,0.0,8.0,79.0,35.0,41.0,3.0,0.0
2013,Dubuque,58313.0,132.0,0.0,14.0,36.0,82.0,1641.0,409.0,1172.0,60.0,26.0
2013,Dyersville,4093.0,10.0,0.0,0.0,1.0,9.0,57.0,8.0,46.0,3.0,1.0
2013,Eagle Grove,3496.0,14.0,0.0,1.0,1.0,12.0,40.0,16.0,21.0,3.0,1.0
2013,Eldora,2694.0,21.0,0.0,1.0,1.0,19.0,54.0,20.0,32.0,2.0,1.0
2013,Eldridge,5979.0,13.0,0.0,0.0,4.0,9.0,44.0,10.0,30.0,4.0,0.0
2013,Emmetsburg,3820.0,1.0,0.0,0.0,0.0,1.0,7.0,4.0,2.0,1.0,0.0
2013,Estherville,6179.0,24.0,0.0,4.0,0.0,20.0,66.0,20.0,42.0,4.0,0.0
2013,Evansdale,4754.0,21.0,0.0,6.0,0.0,15.0,88.0,37.0,49.0,2.0,0.0
2013,Fairfield,9488.0,13.0,0.0,1.0,1.0,11.0,337.0,165.0,163.0,9.0,2.0
2013,Forest City,3967.0,3.0,0.0,0.0,0.0,3.0,25.0,3.0,18.0,4.0,0.0
2013,Fort Dodge,24632.0,157.0,0.0,15.0,13.0,129.0,1106.0,141.0,881.0,84.0,12.0
2013,Fort Madison,11012.0,52.0,0.0,8.0,1.0,43.0,244.0,66.0,166.0,12.0,1.0
2013,Glenwood,5220.0,28.0,1.0,5.0,1.0,21.0,97.0,29.0,55.0,13.0,1.0
2013,Grinnell,9090.0,34.0,0.0,1.0,1.0,32.0,210.0,68.0,136.0,6.0,2.0
2013,Grundy Center,2719.0,0.0,0.0,0.0,0.0,0.0,10.0,0.0,10.0,0.0,0.0
2013,Hampton,4378.0,3.0,0.0,2.0,0.0,1.0,17.0,1.0,16.0,0.0,0.0
2013,Hawarden,2548.0,2.0,0.0,0.0,0.0,2.0,20.0,7.0,12.0,1.0,0.0
2013,Hiawatha,7173.0,4.0,0.0,1.0,0.0,3.0,106.0,36.0,63.0,7.0,1.0
2013,Humboldt,4644.0,4.0,0.0,0.0,0.0,4.0,51.0,7.0,34.0,10.0,0.0
2013,Indianola,14993.0,73.0,0.0,8.0,1.0,64.0,349.0,76.0,254.0,19.0,13.0
2013,Iowa City,70855.0,228.0,0.0,28.0,56.0,144.0,1850.0,357.0,1411.0,82.0,7.0
2013,Iowa Falls,5117.0,3.0,0.0,1.0,1.0,1.0,138.0,6.0,131.0,1.0,1.0
2013,Jefferson,4233.0,1.0,0.0,1.0,0.0,0.0,64.0,11.0,53.0,0.0,2.0
2013,Johnston,19175.0,7.0,0.0,2.0,0.0,5.0,178.0,44.0,125.0,9.0,3.0
2013,Keokuk,10720.0,103.0,0.0,8.0,1.0,94.0,503.0,113.0,363.0,27.0,1.0
2013,Le Claire,3918.0,16.0,0.0,0.0,0.0,16.0,33.0,5.0,27.0,1.0,0.0
2013,Le Mars,9788.0,10.0,0.0,3.0,1.0,6.0,230.0,61.0,159.0,10.0,8.0
2013,Leon,1896.0,5.0,0.0,1.0,1.0,3.0,28.0,0.0,27.0,1.0,0.0
2013,Lisbon,2172.0,3.0,0.0,0.0,0.0,3.0,15.0,2.0,13.0,0.0,0.0
2013,Manchester,5103.0,13.0,0.0,3.0,0.0,10.0,89.0,18.0,67.0,4.0,2.0
2013,Maquoketa,6066.0,21.0,0.0,5.0,2.0,14.0,178.0,32.0,140.0,6.0,1.0
2013,Marengo,2485.0,3.0,0.0,0.0,1.0,2.0,3.0,1.0,2.0,0.0,0.0
2013,Marion,36181.0,56.0,0.0,15.0,5.0,36.0,573.0,117.0,439.0,17.0,5.0
2013,Marshalltown,27722.0,172.0,0.0,2.0,5.0,165.0,735.0,165.0,533.0,37.0,4.0
2013,Mason City,27747.0,30.0,1.0,8.0,4.0,17.0,1130.0,216.0,884.0,30.0,7.0
2013,Monticello,3795.0,9.0,0.0,0.0,0.0,9.0,38.0,11.0,25.0,2.0,0.0
2013,Mount Vernon,4609.0,5.0,0.0,3.0,1.0,1.0,39.0,2.0,36.0,1.0,0.0
2013,Muscatine,23027.0,146.0,1.0,29.0,2.0,114.0,539.0,115.0,401.0,23.0,8.0
2013,New Hampton,3542.0,2.0,0.0,0.0,0.0,2.0,22.0,2.0,20.0,0.0,0.0
2013,Newton,15064.0,41.0,0.0,16.0,1.0,24.0,503.0,76.0,409.0,18.0,4.0
2013,North Liberty,14821.0,44.0,0.0,15.0,0.0,29.0,119.0,15.0,93.0,11.0,1.0
2013,Norwalk,9554.0,10.0,0.0,2.0,0.0,8.0,74.0,7.0,66.0,1.0,1.0
2013,Oelwein,6350.0,34.0,0.0,2.0,3.0,29.0,137.0,35.0,96.0,6.0,0.0
2013,Orange City,6187.0,3.0,0.0,0.0,0.0,3.0,53.0,13.0,37.0,3.0,0.0
2013,Osage,3626.0,8.0,0.0,2.0,0.0,6.0,54.0,33.0,20.0,1.0,0.0
2013,Osceola,5064.0,10.0,0.0,0.0,0.0,10.0,124.0,19.0,91.0,14.0,0.0
2013,Oskaloosa,11570.0,49.0,1.0,6.0,2.0,40.0,230.0,65.0,157.0,8.0,0.0
2013,Ottumwa,24738.0,74.0,0.0,19.0,5.0,50.0,1187.0,283.0,835.0,69.0,10.0
2013,Pella,10418.0,35.0,0.0,1.0,1.0,33.0,153.0,63.0,88.0,2.0,2.0
2013,Perry,8065.0,29.0,0.0,4.0,0.0,25.0,178.0,27.0,143.0,8.0,1.0
2013,Pleasant Hill,9072.0,6.0,0.0,1.0,0.0,5.0,111.0,36.0,67.0,8.0,1.0
2013,Prairie City,1672.0,3.0,0.0,0.0,0.0,3.0,34.0,17.0,16.0,1.0,0.0
2013,Red Oak,5614.0,19.0,1.0,1.0,0.0,17.0,258.0,114.0,138.0,6.0,3.0
2013,Sergeant Bluff,4280.0,15.0,0.0,0.0,1.0,14.0,66.0,12.0,53.0,1.0,0.0
2013,Sheldon,5096.0,10.0,0.0,0.0,1.0,9.0,69.0,27.0,38.0,4.0,0.0
2013,Shenandoah,5084.0,3.0,0.0,1.0,0.0,2.0,81.0,7.0,65.0,9.0,0.0
2013,Sioux City,82676.0,324.0,3.0,46.0,40.0,235.0,3658.0,604.0,2814.0,240.0,7.0
2013,Spencer,11186.0,19.0,0.0,17.0,1.0,1.0,246.0,78.0,164.0,4.0,0.0
2013,Spirit Lake,4955.0,9.0,0.0,1.0,0.0,8.0,200.0,94.0,101.0,5.0,1.0
2013,State Center,1477.0,0.0,0.0,0.0,0.0,0.0,13.0,5.0,7.0,1.0,0.0
2013,Storm Lake,10812.0,54.0,0.0,3.0,0.0,51.0,265.0,46.0,208.0,11.0,11.0
2013,Story City,3424.0,2.0,0.0,0.0,0.0,2.0,32.0,13.0,19.0,0.0,0.0
2013,Toledo,2257.0,46.0,0.0,2.0,0.0,44.0,43.0,6.0,35.0,2.0,0.0
2013,Urbandale,41499.0,67.0,0.0,5.0,7.0,55.0,670.0,129.0,516.0,25.0,2.0
2013,Vinton,5187.0,4.0,0.0,0.0,0.0,4.0,75.0,24.0,48.0,3.0,1.0
2013,Walcott,1626.0,3.0,0.0,1.0,0.0,2.0,12.0,3.0,9.0,0.0,1.0
2013,Washington,7346.0,54.0,0.0,8.0,3.0,43.0,81.0,16.0,58.0,7.0,1.0
2013,Waukee,16633.0,10.0,0.0,1.0,0.0,9.0,134.0,36.0,97.0,1.0,1.0
2013,Waukon,3861.0,1.0,0.0,0.0,0.0,1.0,5.0,2.0,3.0,0.0,0.0
2013,Waverly,10089.0,54.0,0.0,5.0,1.0,48.0,117.0,26.0,83.0,8.0,0.0
2013,Webster City,7830.0,28.0,0.0,1.0,1.0,26.0,176.0,40.0,124.0,12.0,0.0
2013,West Burlington,3027.0,7.0,0.0,0.0,1.0,6.0,313.0,31.0,274.0,8.0,0.0
2013,West Des Moines,60068.0,90.0,1.0,16.0,12.0,61.0,1658.0,205.0,1377.0,76.0,3.0
2013,West Liberty,3729.0,7.0,0.0,0.0,0.0,7.0,36.0,14.0,21.0,1.0,1.0
2013,Williamsburg,3076.0,1.0,0.0,0.0,1.0,0.0,20.0,8.0,12.0,0.0,0.0
2013,Wilton,2810.0,3.0,0.0,1.0,0.0,2.0,19.0,8.0,10.0,1.0,0.0
2013,Windsor Heights,4880.0,10.0,0.0,2.0,1.0,7.0,192.0,33.0,153.0,6.0,1.0
2013,Winterset,5174.0,6.0,0.0,2.0,0.0,4.0,115.0,46.0,67.0,2.0,1.0
2014,Adel,4133.0,16.0,0.0,0.0,0.0,16.0,91.0,46.0,42.0,3.0,0.0
2014,Albia,3800.0,1.0,0.0,0.0,0.0,1.0,38.0,4.0,32.0,2.0,0.0
2014,Algona,5504.0,14.0,0.0,0.0,0.0,14.0,35.0,11.0,19.0,5.0,0.0
2014,Altoona,15924.0,19.0,0.0,2.0,3.0,14.0,476.0,60.0,403.0,13.0,1.0
2014,Ames,62514.0,75.0,0.0,23.0,15.0,37.0,1117.0,191.0,901.0,25.0,7.0
2014,Anamosa,5544.0,7.0,0.0,1.0,0.0,6.0,78.0,16.0,60.0,2.0,1.0
2014,Ankeny,53099.0,58.0,0.0,11.0,0.0,47.0,682.0,108.0,535.0,39.0,5.0
2014,Atlantic,6898.0,17.0,0.0,2.0,0.0,15.0,98.0,16.0,81.0,1.0,1.0
2014,Audubon,2049.0,2.0,0.0,0.0,0.0,2.0,32.0,14.0,17.0,1.0,0.0
2014,Bettendorf,35045.0,52.0,0.0,9.0,3.0,40.0,461.0,76.0,374.0,11.0,5.0
2014,Bloomfield,2644.0,6.0,0.0,0.0,0.0,6.0,10.0,5.0,5.0,0.0,0.0
2014,Boone,12627.0,63.0,0.0,11.0,1.0,51.0,240.0,92.0,139.0,9.0,0.0
2014,Buffalo,1294.0,8.0,0.0,0.0,0.0,8.0,11.0,3.0,7.0,1.0,0.0
2014,Burlington,25762.0,162.0,2.0,16.0,29.0,115.0,871.0,201.0,626.0,44.0,9.0
2014,Camanche,4385.0,5.0,0.0,0.0,0.0,5.0,49.0,10.0,37.0,2.0,1.0
2014,Carlisle,3970.0,21.0,0.0,3.0,0.0,18.0,50.0,22.0,23.0,5.0,0.0
2014,Carroll,9988.0,13.0,0.0,0.0,0.0,13.0,94.0,23.0,67.0,4.0,0.0
2014,Carter Lake,3737.0,31.0,0.0,3.0,3.0,25.0,146.0,24.0,102.0,20.0,0.0
2014,Cedar Falls,40883.0,50.0,1.0,12.0,7.0,30.0,786.0,115.0,646.0,25.0,1.0
2014,Cedar Rapids,128901.0,385.0,8.0,41.0,128.0,208.0,4953.0,933.0,3740.0,280.0,10.0
2014,Centerville,5429.0,16.0,0.0,3.0,0.0,13.0,225.0,69.0,145.0,11.0,4.0
2014,Chariton,4238.0,10.0,0.0,2.0,0.0,8.0,126.0,28.0,88.0,10.0,0.0
2014,Charles City,7495.0,19.0,0.0,5.0,0.0,14.0,114.0,13.0,98.0,3.0,0.0
2014,Cherokee,5163.0,15.0,0.0,1.0,0.0,14.0,61.0,14.0,44.0,3.0,0.0
2014,Clarinda,5505.0,19.0,0.0,2.0,0.0,17.0,157.0,34.0,116.0,7.0,0.0
2014,Clear Lake,7673.0,16.0,0.0,0.0,1.0,15.0,255.0,69.0,175.0,11.0,0.0
2014,Clinton,26375.0,165.0,0.0,17.0,22.0,126.0,1218.0,229.0,919.0,70.0,10.0
2014,Clive,16881.0,19.0,1.0,2.0,0.0,16.0,365.0,40.0,296.0,29.0,1.0
2014,Coralville,20392.0,21.0,0.0,6.0,9.0,6.0,563.0,46.0,502.0,15.0,3.0
2014,Council Bluffs,61864.0,338.0,1.0,47.0,72.0,218.0,4108.0,744.0,2906.0,458.0,27.0
2014,Cresco,3883.0,3.0,0.0,1.0,0.0,2.0,57.0,14.0,40.0,3.0,0.0
2014,Creston,7904.0,21.0,1.0,0.0,0.0,20.0,148.0,48.0,97.0,3.0,0.0
2014,Davenport,102715.0,636.0,2.0,100.0,166.0,368.0,4190.0,932.0,3008.0,250.0,19.0
2014,Decorah,8079.0,1.0,0.0,0.0,0.0,1.0,97.0,5.0,89.0,3.0,0.0
2014,Des Moines,208250.0,1250.0,9.0,87.0,267.0,887.0,8841.0,1888.0,6083.0,870.0,17.0
2014,De Witt,5275.0,10.0,0.0,1.0,0.0,9.0,74.0,32.0,38.0,4.0,0.0
2014,Dubuque,58421.0,145.0,0.0,27.0,20.0,98.0,1513.0,383.0,1071.0,59.0,22.0
2014,Dyersville,4129.0,6.0,0.0,0.0,0.0,6.0,46.0,5.0,37.0,4.0,1.0
2014,Eagle Grove,3472.0,7.0,0.0,1.0,0.0,6.0,42.0,12.0,25.0,5.0,0.0
2014,Eldridge,6126.0,8.0,0.0,3.0,0.0,5.0,21.0,4.0,15.0,2.0,0.0
2014,Emmetsburg,3791.0,22.0,0.0,0.0,0.0,22.0,43.0,9.0,31.0,3.0,1.0
2014,Estherville,6073.0,22.0,1.0,2.0,0.0,19.0,68.0,25.0,40.0,3.0,0.0
2014,Evansdale,4775.0,16.0,0.0,3.0,1.0,12.0,126.0,68.0,52.0,6.0,1.0
2014,Fairfield,9451.0,9.0,0.0,2.0,2.0,5.0,285.0,79.0,196.0,10.0,1.0
2014,Forest City,3969.0,12.0,0.0,4.0,1.0,7.0,50.0,16.0,31.0,3.0,1.0
2014,Fort Dodge,24524.0,168.0,1.0,13.0,14.0,140.0,1221.0,187.0,986.0,48.0,11.0
2014,Fort Madison,11041.0,57.0,0.0,12.0,0.0,45.0,215.0,45.0,159.0,11.0,3.0
2014,Glenwood,5271.0,21.0,0.0,3.0,1.0,17.0,81.0,31.0,46.0,4.0,0.0
2014,Grinnell,9009.0,26.0,1.0,4.0,0.0,21.0,232.0,59.0,169.0,4.0,6.0
2014,Hawarden,2553.0,2.0,0.0,1.0,0.0,1.0,24.0,14.0,9.0,1.0,0.0
2014,Hiawatha,7177.0,5.0,0.0,0.0,3.0,2.0,164.0,62.0,92.0,10.0,1.0
2014,Humboldt,4623.0,6.0,0.0,0.0,1.0,5.0,27.0,6.0,19.0,2.0,1.0
2014,Independence,5970.0,2.0,0.0,0.0,0.0,2.0,39.0,11.0,27.0,1.0,1.0
2014,Indianola,15183.0,80.0,0.0,13.0,2.0,65.0,351.0,86.0,248.0,17.0,16.0
2014,Iowa City,72522.0,213.0,1.0,31.0,51.0,130.0,1756.0,269.0,1411.0,76.0,6.0
2014,Iowa Falls,5212.0,5.0,0.0,3.0,1.0,1.0,119.0,8.0,110.0,1.0,1.0
2014,Jefferson,4236.0,5.0,0.0,0.0,0.0,5.0,57.0,13.0,39.0,5.0,0.0
2014,Johnston,20435.0,17.0,0.0,5.0,2.0,10.0,173.0,29.0,131.0,13.0,0.0
2014,Keokuk,10767.0,94.0,0.0,4.0,1.0,89.0,440.0,115.0,308.0,17.0,0.0
2014,Le Claire,3955.0,8.0,0.0,1.0,0.0,7.0,32.0,13.0,17.0,2.0,0.0
2014,Le Mars,9821.0,17.0,0.0,10.0,2.0,5.0,225.0,46.0,170.0,9.0,2.0
2014,Manchester,5095.0,13.0,0.0,0.0,0.0,13.0,92.0,16.0,72.0,4.0,0.0
2014,Maquoketa,6044.0,10.0,0.0,7.0,0.0,3.0,188.0,52.0,129.0,7.0,0.0
2014,Marengo,2511.0,5.0,0.0,0.0,0.0,5.0,6.0,4.0,1.0,1.0,0.0
2014,Marion,36481.0,49.0,0.0,11.0,8.0,30.0,526.0,113.0,396.0,17.0,3.0
2014,Marshalltown,27913.0,154.0,1.0,6.0,6.0,141.0,804.0,145.0,617.0,42.0,3.0
2014,Mason City,27618.0,26.0,0.0,5.0,5.0,16.0,943.0,217.0,699.0,27.0,3.0
2014,Monticello,3816.0,10.0,0.0,0.0,0.0,10.0,42.0,12.0,26.0,4.0,0.0
2014,Mount Pleasant,8662.0,11.0,0.0,1.0,0.0,10.0,253.0,70.0,174.0,9.0,1.0
2014,Mount Vernon,4602.0,1.0,0.0,1.0,0.0,0.0,61.0,2.0,58.0,1.0,0.0
2014,Muscatine,23057.0,140.0,3.0,17.0,7.0,113.0,462.0,93.0,350.0,19.0,8.0
2014,New Hampton,3570.0,5.0,0.0,0.0,0.0,5.0,23.0,6.0,16.0,1.0,1.0
2014,Newton,15111.0,55.0,0.0,10.0,5.0,40.0,583.0,133.0,428.0,22.0,4.0
2014,North Liberty,15359.0,53.0,0.0,7.0,2.0,44.0,133.0,22.0,104.0,7.0,1.0
2014,Norwalk,9797.0,1.0,0.0,1.0,0.0,0.0,90.0,5.0,79.0,6.0,0.0
2014,Oelwein,6224.0,39.0,0.0,1.0,1.0,37.0,142.0,31.0,106.0,5.0,1.0
2014,Ogden,2033.0,5.0,0.0,1.0,0.0,4.0,16.0,2.0,14.0,0.0,0.0
2014,Onawa,2923.0,12.0,0.0,1.0,0.0,11.0,58.0,12.0,45.0,1.0,2.0
2014,Orange City,6211.0,1.0,0.0,0.0,0.0,1.0,38.0,14.0,24.0,0.0,0.0
2014,Osage,3637.0,2.0,0.0,0.0,0.0,2.0,41.0,13.0,27.0,1.0,0.0
2014,Osceola,5041.0,8.0,0.0,0.0,0.0,8.0,88.0,23.0,59.0,6.0,1.0
2014,Ottumwa,24792.0,72.0,1.0,14.0,6.0,51.0,1073.0,190.0,819.0,64.0,18.0
2014,Pella,10347.0,17.0,0.0,0.0,0.0,17.0,166.0,26.0,131.0,9.0,1.0
2014,Perry,8204.0,44.0,0.0,3.0,0.0,41.0,161.0,26.0,128.0,7.0,0.0
2014,Pleasant Hill,9149.0,10.0,0.0,1.0,0.0,9.0,95.0,24.0,66.0,5.0,1.0
2014,Polk City,4123.0,0.0,0.0,0.0,0.0,0.0,34.0,6.0,26.0,2.0,0.0
2014,Prairie City,1687.0,5.0,0.0,0.0,0.0,5.0,29.0,14.0,14.0,1.0,0.0
2014,Red Oak,5531.0,18.0,1.0,3.0,0.0,14.0,156.0,50.0,100.0,6.0,2.0
2014,Sergeant Bluff,4349.0,10.0,0.0,0.0,0.0,10.0,92.0,20.0,69.0,3.0,0.0
2014,Sheldon,5068.0,14.0,0.0,4.0,0.0,10.0,86.0,26.0,53.0,7.0,0.0
2014,Shenandoah,5051.0,1.0,0.0,0.0,0.0,1.0,47.0,5.0,39.0,3.0,0.0
2014,Sioux City,82372.0,289.0,1.0,45.0,41.0,202.0,3166.0,533.0,2427.0,206.0,18.0
2014,Spencer,11138.0,16.0,0.0,16.0,0.0,0.0,260.0,90.0,163.0,7.0,1.0
2014,Spirit Lake,4974.0,6.0,0.0,2.0,0.0,4.0,105.0,21.0,80.0,4.0,1.0
2014,State Center,1481.0,4.0,0.0,0.0,0.0,4.0,8.0,0.0,8.0,0.0,0.0
2014,Storm Lake,10819.0,51.0,1.0,4.0,2.0,44.0,217.0,40.0,176.0,1.0,4.0
2014,Story City,3434.0,1.0,0.0,0.0,0.0,1.0,29.0,5.0,23.0,1.0,0.0
2014,Tipton,3193.0,1.0,0.0,0.0,0.0,1.0,63.0,12.0,51.0,0.0,0.0
2014,Toledo,2262.0,9.0,0.0,1.0,0.0,8.0,46.0,8.0,34.0,4.0,0.0
2014,Urbandale,42336.0,84.0,0.0,14.0,4.0,66.0,697.0,69.0,586.0,42.0,1.0
2014,Vinton,5163.0,4.0,0.0,1.0,0.0,3.0,60.0,17.0,42.0,1.0,1.0
2014,Walcott,1624.0,2.0,0.0,0.0,0.0,2.0,5.0,3.0,2.0,0.0,0.0
2014,Washington,7397.0,40.0,0.0,3.0,3.0,34.0,70.0,15.0,48.0,7.0,1.0
2014,Waterloo,68358.0,653.0,6.0,84.0,65.0,498.0,2673.0,795.0,1755.0,123.0,30.0
2014,Waukee,17952.0,14.0,0.0,2.0,0.0,12.0,147.0,29.0,113.0,5.0,0.0
2014,Waukon,3858.0,0.0,0.0,0.0,0.0,0.0,2.0,0.0,2.0,0.0,0.0
2014,Waverly,10118.0,55.0,0.0,1.0,0.0,54.0,151.0,31.0,112.0,8.0,0.0
2014,Webster City,7836.0,25.0,1.0,4.0,1.0,19.0,144.0,33.0,103.0,8.0,2.0
2014,West Burlington,3027.0,5.0,0.0,0.0,0.0,5.0,254.0,20.0,229.0,5.0,1.0
2014,West Des Moines,62359.0,116.0,0.0,17.0,15.0,84.0,1562.0,136.0,1363.0,63.0,3.0
2014,West Liberty,3724.0,5.0,0.0,1.0,0.0,4.0,33.0,6.0,26.0,1.0,0.0
2014,Williamsburg,3146.0,0.0,0.0,0.0,0.0,0.0,21.0,2.0,18.0,1.0,0.0
2014,Wilton,2809.0,7.0,0.0,0.0,0.0,7.0,16.0,3.0,10.0,3.0,0.0
2014,Windsor Heights,4897.0,8.0,0.0,2.0,0.0,6.0,184.0,10.0,171.0,3.0,0.0
2014,Winterset,5068.0,11.0,0.0,4.0,0.0,7.0,81.0,23.0,55.0,3.0,0.0
2014,
2015,Adel,4291.0,15.0,0.0,1.0,0.0,14.0,123.0,48.0,70.0,5.0,1.0
2015,Albia,3784.0,6.0,0.0,0.0,0.0,6.0,65.0,19.0,40.0,6.0,0.0
2015,Algona,5461.0,15.0,0.0,3.0,0.0,12.0,35.0,17.0,13.0,5.0,1.0
2015,Altoona,16502.0,25.0,0.0,2.0,5.0,18.0,464.0,43.0,406.0,15.0,6.0
2015,Ames,64383.0,98.0,1.0,29.0,16.0,52.0,1225.0,198.0,983.0,44.0,10.0
2015,Anamosa,5395.0,5.0,0.0,1.0,0.0,4.0,75.0,18.0,51.0,6.0,0.0
2015,Ankeny,55984.0,124.0,0.0,17.0,2.0,105.0,666.0,202.0,421.0,43.0,6.0
2015,Atlantic,6780.0,27.0,0.0,3.0,2.0,22.0,166.0,60.0,99.0,7.0,0.0
2015,Audubon,2004.0,3.0,0.0,0.0,0.0,3.0,44.0,28.0,16.0,0.0,0.0
2015,Bettendorf,35570.0,81.0,1.0,11.0,9.0,60.0,391.0,72.0,301.0,18.0,5.0
2015,Bloomfield,2627.0,4.0,0.0,1.0,0.0,3.0,9.0,2.0,7.0,0.0,0.0
2015,Blue Grass,1667.0,4.0,0.0,0.0,0.0,4.0,26.0,2.0,24.0,0.0,1.0
2015,Boone,12631.0,45.0,0.0,3.0,0.0,42.0,170.0,53.0,103.0,14.0,1.0
2015,Buffalo,1304.0,2.0,0.0,0.0,0.0,2.0,10.0,0.0,10.0,0.0,0.0
2015,Burlington,25530.0,171.0,3.0,10.0,20.0,138.0,966.0,187.0,718.0,61.0,13.0
2015,Camanche,4336.0,6.0,0.0,0.0,0.0,6.0,59.0,25.0,29.0,5.0,0.0
2015,Carlisle,4155.0,14.0,0.0,1.0,0.0,13.0,52.0,5.0,46.0,1.0,0.0
2015,Carroll,9981.0,9.0,0.0,2.0,1.0,6.0,125.0,20.0,97.0,8.0,0.0
2015,Carter Lake,3759.0,17.0,0.0,4.0,0.0,13.0,97.0,17.0,68.0,12.0,1.0
2015,Cedar Falls,41252.0,44.0,0.0,13.0,4.0,27.0,671.0,114.0,533.0,24.0,1.0
2015,Cedar Rapids,129863.0,361.0,6.0,30.0,106.0,219.0,4937.0,983.0,3659.0,295.0,16.0
2015,Centerville,5410.0,29.0,0.0,4.0,1.0,24.0,261.0,107.0,141.0,13.0,5.0
2015,Chariton,4205.0,13.0,0.0,1.0,0.0,12.0,105.0,30.0,68.0,7.0,3.0
2015,Charles City,7477.0,12.0,0.0,3.0,1.0,8.0,172.0,28.0,143.0,1.0,0.0
2015,Cherokee,5104.0,14.0,0.0,0.0,0.0,14.0,59.0,14.0,40.0,5.0,1.0
2015,Clarinda,5309.0,20.0,0.0,2.0,1.0,17.0,129.0,25.0,93.0,11.0,1.0
2015,Clarion,2757.0,3.0,0.0,2.0,0.0,1.0,14.0,2.0,11.0,1.0,0.0
2015,Clear Lake,7661.0,27.0,0.0,3.0,0.0,24.0,201.0,53.0,145.0,3.0,0.0
2015,Clinton,26092.0,217.0,0.0,25.0,29.0,163.0,1158.0,227.0,870.0,61.0,10.0
2015,Coralville,20718.0,51.0,1.0,11.0,14.0,25.0,670.0,80.0,574.0,16.0,1.0
2015,Council Bluffs,62210.0,160.0,1.0,40.0,50.0,69.0,3535.0,327.0,2910.0,298.0,28.0
2015,Cresco,3845.0,1.0,0.0,1.0,0.0,0.0,51.0,8.0,39.0,4.0,1.0
2015,Creston,7844.0,19.0,0.0,0.0,1.0,18.0,141.0,26.0,106.0,9.0,1.0
2015,Davenport,103082.0,730.0,6.0,111.0,174.0,439.0,4609.0,945.0,3296.0,368.0,15.0
2015,Decorah,7915.0,6.0,0.0,3.0,1.0,2.0,123.0,5.0,114.0,4.0,0.0
2015,Des Moines,210403.0,1502.0,19.0,120.0,281.0,1082.0,8440.0,2012.0,5478.0,950.0,39.0
2015,De Witt,5236.0,7.0,0.0,0.0,0.0,7.0,65.0,25.0,38.0,2.0,0.0
2015,Dubuque,58650.0,168.0,5.0,31.0,27.0,105.0,1945.0,563.0,1330.0,52.0,19.0
2015,Dyersville,4169.0,6.0,0.0,0.0,0.0,6.0,39.0,5.0,33.0,1.0,0.0
2015,Eldridge,6288.0,3.0,0.0,0.0,0.0,3.0,15.0,7.0,8.0,0.0,1.0
2015,Estherville,6067.0,16.0,0.0,3.0,0.0,13.0,67.0,16.0,48.0,3.0,0.0
2015,Evansdale,4804.0,12.0,0.0,4.0,1.0,7.0,94.0,39.0,52.0,3.0,0.0
2015,Fairfield,9827.0,9.0,0.0,0.0,1.0,8.0,311.0,117.0,170.0,24.0,1.0
2015,Fort Dodge,24468.0,190.0,1.0,15.0,28.0,146.0,1174.0,165.0,958.0,51.0,8.0
2015,Garner,3089.0,2.0,0.0,0.0,0.0,2.0,19.0,4.0,13.0,2.0,0.0
2015,Glenwood,5234.0,29.0,0.0,2.0,0.0,27.0,74.0,24.0,44.0,6.0,0.0
2015,Grinnell,9034.0,58.0,0.0,4.0,0.0,54.0,190.0,29.0,157.0,4.0,4.0
2015,Hampton,4314.0,4.0,1.0,0.0,1.0,2.0,12.0,5.0,6.0,1.0,0.0
2015,Hawarden,2543.0,2.0,0.0,0.0,0.0,2.0,15.0,4.0,10.0,1.0,1.0
2015,Hiawatha,7192.0,5.0,0.0,0.0,1.0,4.0,74.0,23.0,49.0,2.0,0.0
2015,Humboldt,4611.0,7.0,0.0,1.0,1.0,5.0,27.0,3.0,21.0,3.0,0.0
2015,Indianola,15431.0,100.0,0.0,18.0,2.0,80.0,360.0,76.0,260.0,24.0,1.0
2015,Iowa City,74834.0,194.0,0.0,39.0,30.0,125.0,1923.0,373.0,1476.0,74.0,3.0
2015,Iowa Falls,5157.0,6.0,0.0,4.0,0.0,2.0,121.0,9.0,109.0,3.0,0.0
2015,Jefferson,4260.0,9.0,0.0,0.0,0.0,9.0,103.0,30.0,71.0,2.0,0.0
2015,Johnston,21163.0,24.0,0.0,4.0,2.0,18.0,216.0,49.0,162.0,5.0,1.0
2015,Keokuk,10670.0,108.0,0.0,2.0,2.0,104.0,489.0,130.0,324.0,35.0,3.0
2015,Le Mars,9750.0,7.0,0.0,2.0,0.0,5.0,208.0,34.0,159.0,15.0,1.0
2015,Leon,1895.0,2.0,0.0,1.0,0.0,1.0,24.0,4.0,20.0,0.0,0.0
2015,Manchester,5063.0,18.0,0.0,1.0,1.0,16.0,133.0,29.0,102.0,2.0,0.0
2015,Maquoketa,5983.0,30.0,0.0,10.0,1.0,19.0,182.0,64.0,111.0,7.0,2.0
2015,Marion,37272.0,69.0,1.0,10.0,7.0,51.0,525.0,123.0,384.0,18.0,8.0
2015,Marshalltown,27766.0,207.0,1.0,33.0,2.0,171.0,958.0,329.0,582.0,47.0,5.0
2015,Mason City,27312.0,41.0,0.0,0.0,10.0,31.0,902.0,188.0,695.0,19.0,4.0
2015,Missouri Valley,2658.0,3.0,0.0,0.0,1.0,2.0,49.0,11.0,36.0,2.0,2.0
2015,Monticello,3813.0,16.0,0.0,0.0,0.0,16.0,36.0,9.0,25.0,2.0,0.0
2015,Mount Pleasant,8644.0,8.0,0.0,1.0,1.0,6.0,198.0,68.0,123.0,7.0,1.0
2015,Mount Vernon,4526.0,3.0,0.0,1.0,0.0,2.0,65.0,12.0,51.0,2.0,1.0
2015,Muscatine,23917.0,130.0,0.0,20.0,5.0,105.0,626.0,150.0,439.0,37.0,8.0
2015,New Hampton,3542.0,7.0,0.0,0.0,0.0,7.0,34.0,10.0,24.0,0.0,0.0
2015,Newton,15128.0,54.0,0.0,7.0,4.0,43.0,434.0,84.0,317.0,33.0,1.0
2015,North Liberty,15891.0,54.0,0.0,9.0,0.0,45.0,109.0,17.0,88.0,4.0,2.0
2015,Norwalk,10077.0,11.0,0.0,0.0,2.0,9.0,158.0,36.0,117.0,5.0,1.0
2015,Oelwein,6126.0,30.0,0.0,3.0,1.0,26.0,127.0,21.0,102.0,4.0,1.0
2015,Ogden,2033.0,7.0,0.0,1.0,0.0,6.0,11.0,5.0,6.0,0.0,0.0
2015,Onawa,2865.0,21.0,0.0,3.0,1.0,17.0,116.0,18.0,91.0,7.0,1.0
2015,Orange City,6173.0,1.0,0.0,0.0,0.0,1.0,50.0,21.0,28.0,1.0,0.0
2015,Osage,3660.0,3.0,0.0,0.0,0.0,3.0,63.0,44.0,18.0,1.0,0.0
2015,Osceola,4949.0,10.0,2.0,0.0,1.0,7.0,116.0,20.0,85.0,11.0,0.0
2015,Oskaloosa,11548.0,49.0,0.0,7.0,2.0,40.0,289.0,91.0,188.0,10.0,3.0
2015,Ottumwa,24594.0,76.0,1.0,15.0,8.0,52.0,943.0,235.0,632.0,76.0,13.0
2015,Pella,10337.0,1.0,0.0,0.0,0.0,1.0,147.0,34.0,104.0,9.0,1.0
2015,Perry,8259.0,35.0,0.0,5.0,2.0,28.0,204.0,43.0,154.0,7.0,0.0
2015,Pleasant Hill,9246.0,15.0,0.0,1.0,3.0,11.0,163.0,42.0,117.0,4.0,1.0
2015,Prairie City,1699.0,3.0,0.0,0.0,0.0,3.0,32.0,20.0,12.0,0.0,0.0
2015,Red Oak,5538.0,14.0,0.0,1.0,1.0,12.0,202.0,62.0,136.0,4.0,0.0
2015,Sergeant Bluff,4464.0,8.0,0.0,1.0,0.0,7.0,55.0,9.0,45.0,1.0,0.0
2015,Sheldon,5084.0,15.0,0.0,3.0,0.0,12.0,55.0,16.0,37.0,2.0,0.0
2015,Shenandoah,5004.0,4.0,0.0,0.0,0.0,4.0,76.0,9.0,66.0,1.0,0.0
2015,Sioux City,82445.0,346.0,2.0,40.0,54.0,250.0,3496.0,648.0,2557.0,291.0,25.0
2015,Spencer,11205.0,13.0,0.0,13.0,0.0,0.0,253.0,69.0,178.0,6.0,1.0
2015,Spirit Lake,4966.0,17.0,0.0,1.0,0.0,16.0,140.0,35.0,101.0,4.0,0.0
2015,State Center,1471.0,3.0,0.0,0.0,0.0,3.0,9.0,2.0,6.0,1.0,0.0
2015,Storm Lake,10951.0,49.0,0.0,4.0,1.0,44.0,283.0,80.0,192.0,11.0,0.0
2015,Story City,3431.0,2.0,0.0,0.0,0.0,2.0,36.0,6.0,27.0,3.0,1.0
2015,Tipton,3197.0,5.0,0.0,3.0,0.0,2.0,42.0,11.0,24.0,7.0,0.0
2015,Urbandale,44087.0,52.0,1.0,7.0,4.0,40.0,666.0,127.0,485.0,54.0,7.0
2015,Vinton,5136.0,10.0,0.0,2.0,1.0,7.0,36.0,9.0,27.0,0.0,2.0
2015,Washington,7371.0,36.0,0.0,10.0,1.0,25.0,54.0,9.0,41.0,4.0,0.0
2015,Waterloo,68355.0,660.0,4.0,60.0,54.0,542.0,2303.0,779.0,1396.0,128.0,36.0
2015,Waukon,3766.0,3.0,0.0,2.0,0.0,1.0,20.0,3.0,15.0,2.0,0.0
2015,Waverly,10164.0,89.0,0.0,2.0,0.0,87.0,145.0,26.0,115.0,4.0,0.0
2015,Webster City,7725.0,29.0,0.0,5.0,3.0,21.0,130.0,38.0,88.0,4.0,3.0
2015,West Burlington,3062.0,18.0,0.0,2.0,2.0,14.0,287.0,25.0,255.0,7.0,0.0
2015,West Des Moines,65006.0,129.0,0.0,21.0,16.0,92.0,1418.0,170.0,1188.0,60.0,2.0
2015,West Liberty,3728.0,7.0,0.0,3.0,0.0,4.0,22.0,7.0,14.0,1.0,0.0
2015,Williamsburg,3203.0,0.0,0.0,0.0,0.0,0.0,25.0,2.0,21.0,2.0,0.0
2015,Wilton,2796.0,3.0,0.0,0.0,0.0,3.0,8.0,1.0,5.0,2.0,0.0
2015,Windsor Heights,4877.0,7.0,0.0,0.0,1.0,6.0,169.0,14.0,152.0,3.0,0.0
2015,Winterset,5126.0,7.0,0.0,4.0,0.0,3.0,81.0,19.0,59.0,3.0,1.0
2016,Adel,4291.0,15.0,0.0,1.0,0.0,14.0,123.0,48.0,70.0,5.0,1.0
2016,Albia,3784.0,6.0,0.0,0.0,0.0,6.0,65.0,19.0,40.0,6.0,0.0
2016,Algona,5461.0,15.0,0.0,3.0,0.0,12.0,35.0,17.0,13.0,5.0,1.0
2016,Altoona,16502.0,25.0,0.0,2.0,5.0,18.0,464.0,43.0,406.0,15.0,6.0
2016,Ames,64383.0,98.0,1.0,29.0,16.0,52.0,1225.0,198.0,983.0,44.0,10.0
2016,Anamosa,5395.0,5.0,0.0,1.0,0.0,4.0,75.0,18.0,51.0,6.0,0.0
2016,Ankeny,55984.0,124.0,0.0,17.0,2.0,105.0,666.0,202.0,421.0,43.0,6.0
2016,Atlantic,6780.0,27.0,0.0,3.0,2.0,22.0,166.0,60.0,99.0,7.0,0.0
2016,Audubon,2004.0,3.0,0.0,0.0,0.0,3.0,44.0,28.0,16.0,0.0,0.0
2016,Bettendorf,35570.0,81.0,1.0,11.0,9.0,60.0,391.0,72.0,301.0,18.0,5.0
2016,Bloomfield,2627.0,4.0,0.0,1.0,0.0,3.0,9.0,2.0,7.0,0.0,0.0
2016,Blue Grass,1667.0,4.0,0.0,0.0,0.0,4.0,26.0,2.0,24.0,0.0,1.0
2016,Boone,12631.0,45.0,0.0,3.0,0.0,42.0,170.0,53.0,103.0,14.0,1.0
2016,Buffalo,1304.0,2.0,0.0,0.0,0.0,2.0,10.0,0.0,10.0,0.0,0.0
2016,Burlington,25530.0,171.0,3.0,10.0,20.0,138.0,966.0,187.0,718.0,61.0,13.0
2016,Camanche,4336.0,6.0,0.0,0.0,0.0,6.0,59.0,25.0,29.0,5.0,0.0
2016,Carlisle,4155.0,14.0,0.0,1.0,0.0,13.0,52.0,5.0,46.0,1.0,0.0
2016,Carroll,9981.0,9.0,0.0,2.0,1.0,6.0,125.0,20.0,97.0,8.0,0.0
2016,Carter Lake,3759.0,17.0,0.0,4.0,0.0,13.0,97.0,17.0,68.0,12.0,1.0
2016,Cedar Falls,41252.0,44.0,0.0,13.0,4.0,27.0,671.0,114.0,533.0,24.0,1.0
2016,Cedar Rapids,129863.0,361.0,6.0,30.0,106.0,219.0,4937.0,983.0,3659.0,295.0,16.0
2016,Centerville,5410.0,29.0,0.0,4.0,1.0,24.0,261.0,107.0,141.0,13.0,5.0
2016,Chariton,4205.0,13.0,0.0,1.0,0.0,12.0,105.0,30.0,68.0,7.0,3.0
2016,Charles City,7477.0,12.0,0.0,3.0,1.0,8.0,172.0,28.0,143.0,1.0,0.0
2016,Cherokee,5104.0,14.0,0.0,0.0,0.0,14.0,59.0,14.0,40.0,5.0,1.0
2016,Clarinda,5309.0,20.0,0.0,2.0,1.0,17.0,129.0,25.0,93.0,11.0,1.0
2016,Clarion,2757.0,3.0,0.0,2.0,0.0,1.0,14.0,2.0,11.0,1.0,0.0
2016,Clear Lake,7661.0,27.0,0.0,3.0,0.0,24.0,201.0,53.0,145.0,3.0,0.0
2016,Clinton,26092.0,217.0,0.0,25.0,29.0,163.0,1158.0,227.0,870.0,61.0,10.0
2016,Coralville,20718.0,51.0,1.0,11.0,14.0,25.0,670.0,80.0,574.0,16.0,1.0
2016,Council Bluffs,62210.0,160.0,1.0,40.0,50.0,69.0,3535.0,327.0,2910.0,298.0,28.0
2016,Cresco,3845.0,1.0,0.0,1.0,0.0,0.0,51.0,8.0,39.0,4.0,1.0
2016,Creston,7844.0,19.0,0.0,0.0,1.0,18.0,141.0,26.0,106.0,9.0,1.0
2016,Davenport,103082.0,730.0,6.0,111.0,174.0,439.0,4609.0,945.0,3296.0,368.0,15.0
2016,Decorah,7915.0,6.0,0.0,3.0,1.0,2.0,123.0,5.0,114.0,4.0,0.0
2016,Des Moines,210403.0,1502.0,19.0,120.0,281.0,1082.0,8440.0,2012.0,5478.0,950.0,39.0
2016,De Witt,5236.0,7.0,0.0,0.0,0.0,7.0,65.0,25.0,38.0,2.0,0.0
2016,Dubuque,58650.0,168.0,5.0,31.0,27.0,105.0,1945.0,563.0,1330.0,52.0,19.0
2016,Dyersville,4169.0,6.0,0.0,0.0,0.0,6.0,39.0,5.0,33.0,1.0,0.0
2016,Eldridge,6288.0,3.0,0.0,0.0,0.0,3.0,15.0,7.0,8.0,0.0,1.0
2016,Estherville,6067.0,16.0,0.0,3.0,0.0,13.0,67.0,16.0,48.0,3.0,0.0
2016,Evansdale,4804.0,12.0,0.0,4.0,1.0,7.0,94.0,39.0,52.0,3.0,0.0
2016,Fairfield,9827.0,9.0,0.0,0.0,1.0,8.0,311.0,117.0,170.0,24.0,1.0
2016,Fort Dodge,24468.0,190.0,1.0,15.0,28.0,146.0,1174.0,165.0,958.0,51.0,8.0
2016,Garner,3089.0,2.0,0.0,0.0,0.0,2.0,19.0,4.0,13.0,2.0,0.0
2016,Glenwood,5234.0,29.0,0.0,2.0,0.0,27.0,74.0,24.0,44.0,6.0,0.0
2016,Grinnell,9034.0,58.0,0.0,4.0,0.0,54.0,190.0,29.0,157.0,4.0,4.0
2016,Hampton,4314.0,4.0,1.0,0.0,1.0,2.0,12.0,5.0,6.0,1.0,0.0
2016,Hawarden,2543.0,2.0,0.0,0.0,0.0,2.0,15.0,4.0,10.0,1.0,1.0
2016,Hiawatha,7192.0,5.0,0.0,0.0,1.0,4.0,74.0,23.0,49.0,2.0,0.0
2016,Humboldt,4611.0,7.0,0.0,1.0,1.0,5.0,27.0,3.0,21.0,3.0,0.0
2016,Indianola,15431.0,100.0,0.0,18.0,2.0,80.0,360.0,76.0,260.0,24.0,1.0
2016,Iowa City,74834.0,194.0,0.0,39.0,30.0,125.0,1923.0,373.0,1476.0,74.0,3.0
2016,Iowa Falls,5157.0,6.0,0.0,4.0,0.0,2.0,121.0,9.0,109.0,3.0,0.0
2016,Jefferson,4260.0,9.0,0.0,0.0,0.0,9.0,103.0,30.0,71.0,2.0,0.0
2016,Johnston,21163.0,24.0,0.0,4.0,2.0,18.0,216.0,49.0,162.0,5.0,1.0
2016,Keokuk,10670.0,108.0,0.0,2.0,2.0,104.0,489.0,130.0,324.0,35.0,3.0
2016,Le Mars,9750.0,7.0,0.0,2.0,0.0,5.0,208.0,34.0,159.0,15.0,1.0
2016,Leon,1895.0,2.0,0.0,1.0,0.0,1.0,24.0,4.0,20.0,0.0,0.0
2016,Manchester,5063.0,18.0,0.0,1.0,1.0,16.0,133.0,29.0,102.0,2.0,0.0
2016,Maquoketa,5983.0,30.0,0.0,10.0,1.0,19.0,182.0,64.0,111.0,7.0,2.0
2016,Marion,37272.0,69.0,1.0,10.0,7.0,51.0,525.0,123.0,384.0,18.0,8.0
2016,Marshalltown,27766.0,207.0,1.0,33.0,2.0,171.0,958.0,329.0,582.0,47.0,5.0
2016,Mason City,27312.0,41.0,0.0,0.0,10.0,31.0,902.0,188.0,695.0,19.0,4.0
2016,Missouri Valley,2658.0,3.0,0.0,0.0,1.0,2.0,49.0,11.0,36.0,2.0,2.0
2016,Monticello,3813.0,16.0,0.0,0.0,0.0,16.0,36.0,9.0,25.0,2.0,0.0
2016,Mount Pleasant,8644.0,8.0,0.0,1.0,1.0,6.0,198.0,68.0,123.0,7.0,1.0
2016,Mount Vernon,4526.0,3.0,0.0,1.0,0.0,2.0,65.0,12.0,51.0,2.0,1.0
2016,Muscatine,23917.0,130.0,0.0,20.0,5.0,105.0,626.0,150.0,439.0,37.0,8.0
2016,New Hampton,3542.0,7.0,0.0,0.0,0.0,7.0,34.0,10.0,24.0,0.0,0.0
2016,Newton,15128.0,54.0,0.0,7.0,4.0,43.0,434.0,84.0,317.0,33.0,1.0
2016,North Liberty,15891.0,54.0,0.0,9.0,0.0,45.0,109.0,17.0,88.0,4.0,2.0
2016,Norwalk,10077.0,11.0,0.0,0.0,2.0,9.0,158.0,36.0,117.0,5.0,1.0
2016,Oelwein,6126.0,30.0,0.0,3.0,1.0,26.0,127.0,21.0,102.0,4.0,1.0
2016,Ogden,2033.0,7.0,0.0,1.0,0.0,6.0,11.0,5.0,6.0,0.0,0.0
2016,Onawa,2865.0,21.0,0.0,3.0,1.0,17.0,116.0,18.0,91.0,7.0,1.0
2016,Orange City,6173.0,1.0,0.0,0.0,0.0,1.0,50.0,21.0,28.0,1.0,0.0
2016,Osage,3660.0,3.0,0.0,0.0,0.0,3.0,63.0,44.0,18.0,1.0,0.0
2016,Osceola,4949.0,10.0,2.0,0.0,1.0,7.0,116.0,20.0,85.0,11.0,0.0
2016,Oskaloosa,11548.0,49.0,0.0,7.0,2.0,40.0,289.0,91.0,188.0,10.0,3.0
2016,Ottumwa,24594.0,76.0,1.0,15.0,8.0,52.0,943.0,235.0,632.0,76.0,13.0
2016,Pella,10337.0,1.0,0.0,0.0,0.0,1.0,147.0,34.0,104.0,9.0,1.0
2016,Perry,8259.0,35.0,0.0,5.0,2.0,28.0,204.0,43.0,154.0,7.0,0.0
2016,Pleasant Hill,9246.0,15.0,0.0,1.0,3.0,11.0,163.0,42.0,117.0,4.0,1.0
2016,Prairie City,1699.0,3.0,0.0,0.0,0.0,3.0,32.0,20.0,12.0,0.0,0.0
2016,Red Oak,5538.0,14.0,0.0,1.0,1.0,12.0,202.0,62.0,136.0,4.0,0.0
2016,Sergeant Bluff,4464.0,8.0,0.0,1.0,0.0,7.0,55.0,9.0,45.0,1.0,0.0
2016,Sheldon,5084.0,15.0,0.0,3.0,0.0,12.0,55.0,16.0,37.0,2.0,0.0
2016,Shenandoah,5004.0,4.0,0.0,0.0,0.0,4.0,76.0,9.0,66.0,1.0,0.0
2016,Sioux City,82445.0,346.0,2.0,40.0,54.0,250.0,3496.0,648.0,2557.0,291.0,25.0
2016,Spencer,11205.0,13.0,0.0,13.0,0.0,0.0,253.0,69.0,178.0,6.0,1.0
2016,Spirit Lake,4966.0,17.0,0.0,1.0,0.0,16.0,140.0,35.0,101.0,4.0,0.0
2016,State Center,1471.0,3.0,0.0,0.0,0.0,3.0,9.0,2.0,6.0,1.0,0.0
2016,Storm Lake,10951.0,49.0,0.0,4.0,1.0,44.0,283.0,80.0,192.0,11.0,0.0
2016,Story City,3431.0,2.0,0.0,0.0,0.0,2.0,36.0,6.0,27.0,3.0,1.0
2016,Tipton,3197.0,5.0,0.0,3.0,0.0,2.0,42.0,11.0,24.0,7.0,0.0
2016,Urbandale,44087.0,52.0,1.0,7.0,4.0,40.0,666.0,127.0,485.0,54.0,7.0
2016,Vinton,5136.0,10.0,0.0,2.0,1.0,7.0,36.0,9.0,27.0,0.0,2.0
2016,Washington,7371.0,36.0,0.0,10.0,1.0,25.0,54.0,9.0,41.0,4.0,0.0
2016,Waterloo,68355.0,660.0,4.0,60.0,54.0,542.0,2303.0,779.0,1396.0,128.0,36.0
2016,Waukon,3766.0,3.0,0.0,2.0,0.0,1.0,20.0,3.0,15.0,2.0,0.0
2016,Waverly,10164.0,89.0,0.0,2.0,0.0,87.0,145.0,26.0,115.0,4.0,0.0
2016,Webster City,7725.0,29.0,0.0,5.0,3.0,21.0,130.0,38.0,88.0,4.0,3.0
2016,West Burlington,3062.0,18.0,0.0,2.0,2.0,14.0,287.0,25.0,255.0,7.0,0.0
2016,West Des Moines,65006.0,129.0,0.0,21.0,16.0,92.0,1418.0,170.0,1188.0,60.0,2.0
2016,West Liberty,3728.0,7.0,0.0,3.0,0.0,4.0,22.0,7.0,14.0,1.0,0.0
2016,Williamsburg,3203.0,0.0,0.0,0.0,0.0,0.0,25.0,2.0,21.0,2.0,0.0
2016,Wilton,2796.0,3.0,0.0,0.0,0.0,3.0,8.0,1.0,5.0,2.0,0.0
2016,Windsor Heights,4877.0,7.0,0.0,0.0,1.0,6.0,169.0,14.0,152.0,3.0,0.0
2016,Winterset,5126.0,7.0,0.0,4.0,0.0,3.0,81.0,19.0,59.0,3.0,1.0
2017,Adel,4397.0,14.0,0.0,1.0,0.0,13.0,0.0,0.0,79.0,10.0,1.0
2017,Albia,3787.0,10.0,0.0,1.0,1.0,8.0,45.0,9.0,34.0,2.0,0.0
2017,Algona,5509.0,15.0,0.0,1.0,0.0,14.0,27.0,6.0,18.0,3.0,0.0
2017,Altoona,18556.0,24.0,0.0,1.0,3.0,20.0,545.0,45.0,477.0,23.0,2.0
2017,Ames,67461.0,124.0,1.0,49.0,23.0,51.0,1392.0,248.0,1087.0,57.0,0.0
2017,Anamosa,5411.0,11.0,0.0,0.0,0.0,11.0,99.0,19.0,77.0,3.0,0.0
2017,Ankeny,61090.0,130.0,0.0,23.0,10.0,97.0,831.0,143.0,650.0,38.0,5.0
2017,Atlantic,6588.0,23.0,0.0,2.0,2.0,19.0,131.0,28.0,94.0,9.0,1.0
2017,Audubon,1939.0,8.0,0.0,4.0,0.0,4.0,17.0,1.0,16.0,0.0,0.0
2017,Bettendorf,36133.0,54.0,0.0,4.0,9.0,41.0,650.0,134.0,470.0,46.0,4.0
2017,Blue Grass,1743.0,7.0,0.0,2.0,1.0,4.0,11.0,2.0,8.0,1.0,1.0
2017,Boone,12607.0,64.0,0.0,1.0,1.0,62.0,161.0,43.0,104.0,14.0,0.0
2017,Buffalo,1297.0,3.0,0.0,1.0,0.0,2.0,9.0,0.0,8.0,1.0,0.0
2017,Burlington,25227.0,234.0,2.0,14.0,16.0,202.0,985.0,240.0,671.0,74.0,16.0
2017,Carroll,9920.0,2.0,0.0,0.0,1.0,1.0,168.0,53.0,103.0,12.0,2.0
2017,Cedar Falls,41744.0,86.0,1.0,27.0,6.0,52.0,822.0,128.0,666.0,28.0,2.0
2017,Cedar Rapids,131878.0,370.0,6.0,34.0,121.0,209.0,4952.0,929.0,3681.0,342.0,14.0
2017,Centerville,5316.0,19.0,0.0,1.0,0.0,18.0,289.0,153.0,122.0,14.0,4.0
2017,Charles City,7425.0,14.0,1.0,6.0,2.0,5.0,159.0,29.0,126.0,4.0,1.0
2017,Cherokee,4954.0,15.0,0.0,1.0,0.0,14.0,29.0,4.0,25.0,0.0,0.0
2017,Clarinda,5353.0,17.0,0.0,4.0,0.0,13.0,157.0,40.0,104.0,13.0,1.0
2017,Clear Lake,7559.0,28.0,0.0,1.0,0.0,27.0,151.0,31.0,109.0,11.0,0.0
2017,Clinton,25532.0,295.0,0.0,32.0,21.0,242.0,1255.0,277.0,874.0,104.0,11.0
2017,Clive,17913.0,14.0,0.0,2.0,0.0,12.0,272.0,38.0,211.0,23.0,4.0
2017,Colfax,2034.0,4.0,0.0,1.0,0.0,3.0,31.0,5.0,22.0,4.0,0.0
2017,Coralville,20652.0,47.0,0.0,14.0,18.0,15.0,753.0,118.0,621.0,14.0,0.0
2017,Council Bluffs,62549.0,150.0,1.0,24.0,62.0,63.0,3717.0,435.0,2853.0,429.0,16.0
2017,Cresco,3799.0,0.0,0.0,0.0,0.0,0.0,21.0,5.0,15.0,1.0,0.0
2017,Creston,7829.0,13.0,0.0,0.0,0.0,13.0,165.0,24.0,134.0,7.0,3.0
2017,Davenport,103063.0,750.0,13.0,90.0,203.0,444.0,5249.0,1108.0,3586.0,555.0,23.0
2017,Decorah,7883.0,4.0,0.0,0.0,0.0,4.0,84.0,6.0,71.0,7.0,2.0
2017,Denison,8304.0,15.0,0.0,3.0,0.0,12.0,65.0,14.0,47.0,4.0,0.0
2017,Des Moines,217277.0,1456.0,28.0,73.0,364.0,991.0,9589.0,2388.0,5941.0,1260.0,42.0
2017,De Witt,5218.0,18.0,0.0,1.0,2.0,15.0,82.0,23.0,57.0,2.0,0.0
2017,Dubuque,58674.0,166.0,2.0,40.0,16.0,108.0,1606.0,333.0,1210.0,63.0,15.0
2017,Dyersville,4217.0,6.0,0.0,0.0,0.0,6.0,36.0,9.0,26.0,1.0,0.0
2017,Eldridge,6406.0,6.0,0.0,0.0,0.0,6.0,50.0,20.0,18.0,12.0,0.0
2017,Emmetsburg,3736.0,8.0,0.0,3.0,0.0,5.0,33.0,8.0,25.0,0.0,2.0
2017,Estherville,5877.0,31.0,0.0,7.0,0.0,24.0,68.0,28.0,40.0,0.0,2.0
2017,Evansdale,4792.0,27.0,0.0,3.0,2.0,22.0,131.0,62.0,61.0,8.0,1.0
2017,Fairfield,10337.0,16.0,0.0,5.0,0.0,11.0,338.0,111.0,211.0,16.0,2.0
2017,Forest City,3993.0,8.0,0.0,1.0,0.0,7.0,20.0,10.0,10.0,0.0,0.0
2017,Fort Dodge,24331.0,151.0,1.0,22.0,18.0,110.0,1075.0,137.0,880.0,58.0,15.0
2017,Fort Madison,10525.0,66.0,0.0,14.0,5.0,47.0,351.0,26.0,292.0,33.0,2.0
2017,Glenwood,5315.0,17.0,0.0,5.0,0.0,12.0,111.0,43.0,63.0,5.0,0.0
2017,Grinnell,9141.0,75.0,0.0,7.0,2.0,66.0,229.0,55.0,162.0,12.0,3.0
2017,Grundy Center,2683.0,7.0,0.0,2.0,0.0,5.0,13.0,2.0,6.0,5.0,0.0
2017,Hampton,4202.0,6.0,0.0,0.0,0.0,6.0,12.0,2.0,8.0,2.0,0.0
2017,Harlan,4904.0,8.0,0.0,1.0,0.0,7.0,5.0,2.0,3.0,0.0,1.0
2017,Hawarden,2524.0,6.0,0.0,2.0,0.0,4.0,20.0,9.0,9.0,2.0,0.0
2017,Humboldt,4538.0,2.0,0.0,0.0,0.0,2.0,47.0,3.0,41.0,3.0,0.0
2017,Independence,6027.0,12.0,0.0,2.0,2.0,8.0,117.0,38.0,73.0,6.0,1.0
2017,Indianola,15953.0,90.0,2.0,13.0,0.0,75.0,359.0,70.0,263.0,26.0,3.0
2017,Iowa City,75519.0,156.0,4.0,25.0,46.0,81.0,1767.0,310.0,1376.0,81.0,5.0
2017,Jefferson,4140.0,15.0,0.0,1.0,0.0,14.0,164.0,45.0,116.0,3.0,0.0
2017,Johnston,21816.0,32.0,1.0,4.0,7.0,20.0,242.0,32.0,199.0,11.0,0.0
2017,Keokuk,10376.0,90.0,1.0,5.0,3.0,81.0,656.0,202.0,400.0,54.0,2.0
2017,Le Claire,4012.0,9.0,0.0,0.0,0.0,9.0,20.0,5.0,13.0,2.0,1.0
2017,Le Mars,9955.0,9.0,0.0,3.0,0.0,6.0,158.0,36.0,111.0,11.0,2.0
2017,Lisbon,2219.0,6.0,0.0,0.0,0.0,6.0,31.0,21.0,9.0,1.0,0.0
2017,Manchester,5032.0,20.0,0.0,4.0,1.0,15.0,110.0,26.0,78.0,6.0,2.0
2017,Maquoketa,5954.0,15.0,1.0,1.0,2.0,11.0,176.0,43.0,131.0,2.0,1.0
2017,Marion,39050.0,68.0,1.0,11.0,13.0,43.0,623.0,141.0,446.0,36.0,10.0
2017,Mason City,27327.0,43.0,3.0,9.0,11.0,20.0,834.0,196.0,601.0,37.0,5.0
2017,Monticello,3843.0,25.0,0.0,0.0,0.0,25.0,78.0,13.0,59.0,6.0,0.0
2017,Mount Pleasant,8349.0,13.0,0.0,0.0,0.0,13.0,211.0,59.0,143.0,9.0,1.0
2017,Mount Vernon,4436.0,6.0,0.0,3.0,0.0,3.0,32.0,4.0,27.0,1.0,0.0
2017,Muscatine,23940.0,194.0,0.0,18.0,6.0,170.0,479.0,84.0,358.0,37.0,13.0
2017,New Hampton,3401.0,5.0,0.0,1.0,0.0,4.0,24.0,4.0,17.0,3.0,1.0
2017,Newton,14999.0,71.0,0.0,9.0,2.0,60.0,499.0,146.0,335.0,18.0,0.0
2017,North Liberty,19491.0,56.0,0.0,11.0,5.0,40.0,190.0,40.0,147.0,3.0,0.0
2017,Norwalk,10874.0,9.0,0.0,1.0,1.0,7.0,90.0,13.0,69.0,8.0,0.0
2017,Oelwein,5999.0,19.0,0.0,3.0,2.0,14.0,129.0,34.0,88.0,7.0,2.0
2017,Ogden,1989.0,9.0,0.0,2.0,0.0,7.0,27.0,10.0,17.0,0.0,0.0
2017,Onawa,2848.0,11.0,0.0,1.0,0.0,10.0,58.0,18.0,34.0,6.0,3.0
2017,Orange City,6199.0,8.0,0.0,1.0,1.0,6.0,32.0,8.0,23.0,1.0,0.0
2017,Osage,3623.0,15.0,0.0,0.0,0.0,15.0,36.0,14.0,19.0,3.0,0.0
2017,Osceola,5051.0,8.0,0.0,1.0,0.0,7.0,92.0,26.0,61.0,5.0,0.0
2017,Oskaloosa,11525.0,46.0,0.0,4.0,3.0,39.0,242.0,58.0,175.0,9.0,2.0
2017,Ottumwa,24397.0,143.0,0.0,23.0,13.0,107.0,1294.0,287.0,918.0,89.0,22.0
2017,Pella,10240.0,19.0,0.0,5.0,0.0,14.0,135.0,26.0,96.0,13.0,0.0
2017,Perry,7824.0,16.0,0.0,1.0,1.0,14.0,247.0,105.0,131.0,11.0,1.0
2017,Pleasant Hill,9910.0,24.0,2.0,3.0,0.0,19.0,339.0,82.0,219.0,38.0,0.0
2017,Polk City,4616.0,6.0,0.0,0.0,0.0,6.0,21.0,5.0,15.0,1.0,1.0
2017,Prairie City,1718.0,1.0,0.0,0.0,0.0,1.0,12.0,6.0,6.0,0.0,0.0
2017,Red Oak,5437.0,40.0,0.0,11.0,0.0,29.0,190.0,58.0,124.0,8.0,3.0
2017,Rock Valley,3788.0,4.0,1.0,3.0,0.0,0.0,10.0,5.0,4.0,1.0,1.0
2017,Sac City,2086.0,3.0,0.0,3.0,0.0,0.0,25.0,6.0,18.0,1.0,0.0
2017,Sergeant Bluff,4606.0,12.0,0.0,0.0,1.0,11.0,25.0,5.0,17.0,3.0,0.0
2017,Sheldon,5102.0,15.0,0.0,2.0,0.0,13.0,92.0,31.0,54.0,7.0,0.0
2017,Sigourney,1976.0,5.0,0.0,1.0,0.0,4.0,31.0,4.0,25.0,2.0,0.0
2017,Sioux Center,7578.0,2.0,0.0,1.0,0.0,1.0,21.0,1.0,20.0,0.0,1.0
2017,Sioux City,82879.0,360.0,2.0,56.0,71.0,231.0,3561.0,612.0,2660.0,289.0,16.0
2017,Spencer,11125.0,15.0,0.0,14.0,0.0,1.0,230.0,42.0,175.0,13.0,2.0
2017,Spirit Lake,5124.0,20.0,0.0,0.0,0.0,20.0,105.0,15.0,84.0,6.0,0.0
2017,Storm Lake,10790.0,71.0,0.0,15.0,0.0,56.0,282.0,49.0,227.0,6.0,3.0
2017,Story City,3406.0,5.0,0.0,1.0,0.0,4.0,29.0,9.0,18.0,2.0,0.0
2017,Tama,2825.0,22.0,0.0,4.0,0.0,18.0,22.0,10.0,10.0,2.0,0.0
2017,Tipton,3217.0,9.0,0.0,4.0,1.0,4.0,28.0,16.0,11.0,1.0,2.0
2017,Toledo,2163.0,6.0,0.0,0.0,0.0,6.0,25.0,6.0,16.0,3.0,1.0
2017,Urbandale,43637.0,115.0,0.0,10.0,8.0,97.0,538.0,139.0,352.0,47.0,5.0
2017,Vinton,5125.0,20.0,0.0,1.0,0.0,19.0,52.0,11.0,39.0,2.0,1.0
2017,Walcott,1639.0,1.0,0.0,0.0,0.0,1.0,11.0,2.0,6.0,3.0,0.0
2017,Washington,7451.0,62.0,0.0,7.0,0.0,55.0,128.0,15.0,109.0,4.0,0.0
2017,Waterloo,67855.0,341.0,5.0,34.0,53.0,249.0,1927.0,532.0,1253.0,142.0,19.0
2017,Waukee,20359.0,31.0,0.0,9.0,1.0,21.0,238.0,48.0,152.0,38.0,2.0
2017,Webster City,7708.0,15.0,0.0,2.0,0.0,13.0,98.0,30.0,59.0,9.0,0.0
2017,West Branch,2365.0,5.0,0.0,0.0,0.0,5.0,5.0,2.0,2.0,1.0,0.0
2017,West Burlington,2935.0,5.0,0.0,0.0,1.0,4.0,219.0,14.0,197.0,8.0,0.0
2017,Williamsburg,3197.0,4.0,1.0,0.0,0.0,3.0,21.0,9.0,9.0,3.0,0.0
2017,Windsor Heights,5001.0,14.0,0.0,3.0,2.0,9.0,217.0,20.0,196.0,1.0,3.0
2017,Winterset,5282.0,17.0,0.0,2.0,0.0,15.0,64.0,14.0,47.0,3.0,0.0